"Id","Path","Slice Name","Alias(s)","Label","Min","Max","Must Support?","Is Modifier?","Is Summary?","Type(s)","Short","Definition","Comments","Requirements","Default Value","Meaning When Missing","Fixed Value","Pattern","Example","Minimum Value","Maximum Value","Maximum Length","Binding Strength","Binding Description","Binding Value Set","Code","Slicing Discriminator","Slicing Description","Slicing Ordered","Slicing Rules","Base Path","Base Min","Base Max","Condition(s)","Constraint(s)","Mapping: DocumentEntryCDA"
"DocumentEntry","DocumentEntry","","","",0,*,"","","","null {[]} {[]}
","Document Entry (LM)","Modèle logique  d’une fiche","","","","","","","","","",,,,,"",,,,"Base",0,*,"","","DocumentEntry"
"DocumentEntry.entryUUID","DocumentEntry.entryUUID","","","",1,1,"","","","uuid {[]} {[]}
","Identifiant unique affecté à la version de la fiche référençant le document.","Les valeurs possibles pour cette métadonnée doivent être un code provenant du jeu de valeurs mis à disposition par le projet. En l’absence de spécifications complémentaires, le jeu de valeurs JDV_J52_AvailabilityStatus_CISIS peut être utilisé.","","","","","","","","","",,,,,"",,,,"DocumentEntry.entryUUID",1,1,"",""
"DocumentEntry.logicalId","DocumentEntry.logicalId","","","",1,1,"","","","Identifier {[]} {[]}
","Cette métadonnée représente un identifiant invariable pour toutes les versions de la fiche d'un document, à la différence de la métadonnée entryUUID qui a une valeur différente pour chaque version de la fiche","Cette métadonnée représente un identifiant invariable pour toutes les versions de la fiche d'un document, à la différence de la métadonnée entryUUID qui a une valeur différente pour chaque version de la fiche","","","","","","","","","",,,,,"",,,,"DocumentEntry.logicalId",1,1,"",""
"DocumentEntry.mimeType","DocumentEntry.mimeType","","","",1,1,"","","","string {[]} {[]}
","Cette métadonnée représente le type de contenu du document, défini par le standard MIME.","Cette métadonnée représente le type de contenu du document, défini par le standard MIME.","","","","","","","","","",,,,,"",,,,"DocumentEntry.mimeType",1,1,"",""
"DocumentEntry.availabilityStatus","DocumentEntry.availabilityStatus","","","",1,1,"","","","CodeableConcept {[]} {[]}
","Cette métadonnée représente la pertinence de la version de la fiche d'un document. ","**Availability Status**","","","","","","","","","",,"preferred","","https://mos.esante.gouv.fr/NOS/JDV_J52-AvailabilityStatus-CISIS/FHIR/JDV-J52-AvailabilityStatus-CISIS|20200424120000","",,,,"DocumentEntry.availabilityStatus",1,1,"","","Non applicable, cette métadonnée n'est pas soumise par le système initiateur. Le registre du système cible gère cette information et fournit sa valeur en réponse à une requête stockée."
"DocumentEntry.hash","DocumentEntry.hash","","","",1,1,"","","","string {[]} {[]}
","Cette métadonnée contient le résultat du hachage du document déposé","Cette métadonnée contient le résultat du hachage du document déposé","","","","","","","","","",,,,,"",,,,"DocumentEntry.hash",1,1,"",""
"DocumentEntry.size","DocumentEntry.size","","","",1,1,"","","","integer {[]} {[]}
","Cette métadonnée correspond à la taille du document déposé.","Cette métadonnée correspond à la taille du document déposé.","","","","","","","","","",,,,,"",,,,"DocumentEntry.size",1,1,"",""
"DocumentEntry.languageCode","DocumentEntry.languageCode","","","",1,1,"","","","string {[]} {[]}
","Cette métadonnée représente le code de la langue dans laquelle le document est rédigé.","Pour tous les documents produits système initiateur français : 'fr-FR'","","","","","","","","","",,,,,"",,,,"DocumentEntry.languageCode",1,1,"",""
"DocumentEntry.author","DocumentEntry.author","","","",1,*,"","","","https://interop.esante.gouv.fr/ig/fhir/pdlgc/StructureDefinition/AuthorDocumentEntry {[]} {[]}
","Cette métadonnée représente les personnes physiques et/ou les systèmes (dispositifs, automates, services numériques référencés…) auteurs d’un document.","Cette métadonnée représente les personnes physiques et/ou les systèmes (dispositifs, automates, services numériques référencés…) auteurs d’un document.","","","","","","","","","",,,,,"",,,,"DocumentEntry.author",1,*,"",""
"DocumentEntry.legalAuthenticator[x]","DocumentEntry.legalAuthenticator[x]","","","",1,1,"","","","https://interop.esante.gouv.fr/ig/fhir/pdlgc/StructureDefinition/ActorPS {[]} {[]}
https://interop.esante.gouv.fr/ig/fhir/pdlgc/StructureDefinition/ActorPatient {[]} {[]}https://interop.esante.gouv.fr/ig/fhir/pdlgc/StructureDefinition/ActorSystem {[]} {[]}","Cette métadonnée représente l'acteur prenant la responsabilité du contenu médical du document","XCN","","","","","","","","","",,,,,"",,,,"DocumentEntry.legalAuthenticator[x]",1,1,"",""
"DocumentEntry.repositoryUniqueId","DocumentEntry.repositoryUniqueId","","","",1,1,"","","","oid {[]} {[]}
","Cette métadonnée représente l'identifiant unique global de l'entrepôt de documents dans lequel est stocké le document","Cette métadonnée représente l'identifiant unique global de l'entrepôt de documents dans lequel est stocké le document","","","","","","","","","",,,,,"",,,,"DocumentEntry.repositoryUniqueId",1,1,"",""
"DocumentEntry.serviceStartTime","DocumentEntry.serviceStartTime","","","",1,1,"","","","dateTime {[]} {[]}
","Cette métadonnée représente la date de début de l'acte de référence.","Cette métadonnée représente la date de début de l'acte de référence.","","","","","","","","","",,,,,"",,,,"DocumentEntry.serviceStartTime",1,1,"",""
"DocumentEntry.serviceEndTime","DocumentEntry.serviceEndTime","","","",0,1,"","","","dateTime {[]} {[]}
","Cette métadonnée correspond à la date de fin de l'acte de référence, si connue.","Cette métadonnée correspond à la date de fin de l'acte de référence, si connue.","","","","","","","","","",,,,,"",,,,"DocumentEntry.serviceEndTime",0,1,"",""
"DocumentEntry.sourcePatientID","DocumentEntry.sourcePatientID","","","",1,1,"","","","https://interop.esante.gouv.fr/ig/fhir/pdlgc/StructureDefinition/SourcePatientId {[]} {[]}
","Cette métadonnée contient l'identifiant secondaire du patient dans le système d'information du producteur (IPP) ou l'INS, s'il n'y a pas d'identifiant secondaire.","Cette métadonnée contient l'identifiant secondaire du patient dans le système d'information du producteur (IPP) ou l'INS, s'il n'y a pas d'identifiant secondaire.","","","","","","","","","",,,,,"",,,,"DocumentEntry.sourcePatientID",1,1,"",""
"DocumentEntry.sourcePatientInfo","DocumentEntry.sourcePatientInfo","","","",1,1,"","","","https://interop.esante.gouv.fr/ig/fhir/pdlgc/StructureDefinition/SourcePatientInfo {[]} {[]}
","Cette métadonnée contient les traits d'identité du patient concerné par le document, connus par le producteur du document.","Cette métadonnée contient les traits d'identité du patient concerné par le document, connus par le producteur du document.","","","","","","","","","",,,,,"",,,,"DocumentEntry.sourcePatientInfo",1,1,"",""
"DocumentEntry.URI","DocumentEntry.URI","","","",1,1,"","","","string {[]} {[]}
","Cette métadonnée n'est exploitée que par la transaction XDM 'Distribute document set on media ITI-32'","Cette métadonnée n'est exploitée que par la transaction XDM 'Distribute document set on media ITI-32'","","","","","","","","","",,,,,"",,,,"DocumentEntry.URI",1,1,"",""
"DocumentEntry.title","DocumentEntry.title","","","",1,1,"","","","string {[]} {[]}
","Cette métadonnée représente le titre du document.","Cette métadonnée représente le titre du document.","","","","","","","","","",,,,,"",,,,"DocumentEntry.title",1,1,"",""
"DocumentEntry.comments","DocumentEntry.comments","","","",0,1,"","","","string {[]} {[]}
","Cette métadonnée contient le commentaire associé au document.","Cette métadonnée contient le commentaire associé au document.","","","","","","","","","",,,,,"",,,,"DocumentEntry.comments",0,1,"",""
"DocumentEntry.patientID","DocumentEntry.patientID","","","",1,1,"","","","https://interop.esante.gouv.fr/ig/fhir/pdlgc/StructureDefinition/PatientId {[]} {[]}
","Cette métadonnée représente l’identifiant du patient, en l’occurrence, le matricule INS (NIR ou NIA) du patient.","Cette métadonnée représente l’identifiant du patient, en l’occurrence, le matricule INS (NIR ou NIA) du patient.","","","","","","","","","",,,,,"",,,,"DocumentEntry.patientID",1,1,"",""
"DocumentEntry.uniqueId","DocumentEntry.uniqueId","","","",1,1,"","","","Identifier {[]} {[]}
","Identifiant unique affecté au document par son créateur. ","Identifiant unique affecté au document par son créateur.","","","","","","","","","",,,,,"",,,,"DocumentEntry.uniqueId",1,1,"",""
"DocumentEntry.class","DocumentEntry.class","","","",1,1,"","","","CodeableConcept {[]} {[]}
","class représente la classe du document (compte rendu, imagerie médicale, traitement, certificat, etc.).","class est constitué des attributs : 
- **classCode**
- **classCodeDisplayName**
- **codingScheme***

**classCode**
- Type : Non contraint
- Contenu : Les valeurs possibles doivent être un code provenant du jeu de valeurs mis à disposition par le projet (exemple : JDV_J57_ClassCode_DMP). En l’absence de spécifications complémentaires, le JDV_J06_XdsClassCode_CISIS peut être utilisé. 
- Source : En fonction de l’interface fournie (ex. paramétrage fixe ou choix dans un menu déroulant). 

**classCodeDisplayName**
- Type : Non contraint
- Contenu : L’intitulé de la classe de document correspond au libellé associé au code de **classCode**.
- Source : En fonction de l’interface fournie (ex. paramétrage fixe ou choix dans un menu déroulant). 

**codingScheme**
- Type : OID
- Le code système de la classe de document correspond à l’OID associé au code de classCode. 
- Source : En fonction de l’interface fournie (ex. paramétrage fixe ou choix dans un menu déroulant).","","","","","","","","","",,"preferred","","https://mos.esante.gouv.fr/NOS/JDV_J06-XdsClassCode-CISIS/FHIR/JDV-J06-XdsClassCode-CISIS|20230922120000","",,,,"DocumentEntry.class",1,1,"","","code@code (classCode est déduit de typeCode selon la table de correspondance entre ces deux métadonnées référencée dans les Nomenclatures des Objets de Santé (NOS) : ASS_X04-CorrespondanceType-Classe)"
"DocumentEntry.confidentiality","DocumentEntry.confidentiality","","","",1,4,"","","","CodeableConcept {[]} {[]}
","Métadonnée contenant les informations définissant le niveau de confidentialité d'un document déposé dans l'entrepôt. Dans le cadre de la mise en œuvre du masquage et de la non-visibilité, ces métadonnées sont utilisées pour rendre inaccessible un document à l'utilisateur","**Confidentiality Code**","","","","","","","","","",,"preferred","","https://mos.esante.gouv.fr/NOS/JDV_J58-ConfidentialityCode-DMP/FHIR/JDV-J58-ConfidentialityCode-DMP|20200424120000","",,,,"DocumentEntry.confidentiality",1,4,"",""
"DocumentEntry.eventCodeList","DocumentEntry.eventCodeList","","","",0,*,"","","","https://interop.esante.gouv.fr/ig/fhir/pdlgc/StructureDefinition/EventCode {[]} {[]}
","Cette métadonnée contient les codes, libellés et codes système représentant :  -un évènement documenté (acte, traitement, diagnostic, etc…), -une modalité d'acquisition (contexte imagerie), -une région anatomique (contexte imagerie). ","Cette métadonnée contient les codes, libellés et codes système représentant :  -un évènement documenté (acte, traitement, diagnostic, etc…), -une modalité d'acquisition (contexte imagerie), -une région anatomique (contexte imagerie).","","","","","","","","","",,,,,"",,,,"DocumentEntry.eventCodeList",0,*,"",""
"DocumentEntry.format","DocumentEntry.format","","","",1,1,"","","","CodeableConcept {[]} {[]}
","Métadonnée contenant les informations définissant le format du document.","**Format Code**","","","","","","","","","",,"preferred","","https://mos.esante.gouv.fr/NOS/JDV_J10-XdsFormatCode-CISIS/FHIR/JDV-J10-XdsFormatCode-CISIS|20260629120000","",,,,"DocumentEntry.format",1,1,"",""
"DocumentEntry.healthcareFacilityTypeCode","DocumentEntry.healthcareFacilityTypeCode","","","",1,1,"","","","CodeableConcept {[]} {[]}
","Secteur d'activité lié à la prise en charge de la personne, en lien avec le document produit. ","Healthcare Facility Type Code**","","","","","","","","","",,"preferred","","https://mos.esante.gouv.fr/NOS/JDV_J02-XdsHealthcareFacilityTypeCode-CISIS/FHIR/JDV-J02-XdsHealthcareFacilityTypeCode-CISIS|20260223120000","",,,,"DocumentEntry.healthcareFacilityTypeCode",1,1,"",""
"DocumentEntry.practiceSetting","DocumentEntry.practiceSetting","","","",1,1,"","","","CodeableConcept {[]} {[]}
","Contexte de l’acte qui a engendré la création du document. ","**Practice Setting**","","","","","","","","","",,"preferred","","https://mos.esante.gouv.fr/NOS/JDV_J04-XdsPracticeSettingCode-CISIS/FHIR/JDV-J04-XdsPracticeSettingCode-CISIS|20240927120000","",,,,"DocumentEntry.practiceSetting",1,1,"",""
"DocumentEntry.type","DocumentEntry.type","","","",1,1,"","","","CodeableConcept {[]} {[]}
","Métadonnée représentant le type du document.","**Type Code**","","","","","","","","","",,"preferred","","https://mos.esante.gouv.fr/NOS/JDV_J07-XdsTypeCode-CISIS/FHIR/JDV-J07-XdsTypeCode-CISIS|20260629120000","",,,,"DocumentEntry.type",1,1,"",""
"DocumentEntry.documentAvailability","DocumentEntry.documentAvailability","","","",0,1,"","","","string {[]} {[]}
","Cette métadonnée représente '’accessibilité du document en indiquant si celui-ci est accessible en ligne ou non","Cette métadonnée représente '’accessibilité du document en indiquant si celui-ci est accessible en ligne ou non","","","","","","","","","",,,,,"",,,,"DocumentEntry.documentAvailability",0,1,"",""
"DocumentEntry.homeCommunityId","DocumentEntry.homeCommunityId","","","",0,1,"","","","oid {[]} {[]}
","Cette métadonnée correspond à l'identifiant de la communauté représentée par le système cible, si celui-ci offre les fonctionnalités de communication avec d'autres communautés, présentées dans le profil XCA d'IHE. Elle n'est pas utilisée par les transactions décrites dans ce volet.","Cette métadonnée correspond à l'identifiant de la communauté représentée par le système cible, si celui-ci offre les fonctionnalités de communication avec d'autres communautés, présentées dans le profil XCA d'IHE. Elle n'est pas utilisée par les transactions décrites dans ce volet.","","","","","","","","","",,,,,"",,,,"DocumentEntry.homeCommunityId",0,1,"",""
"DocumentEntry.creationTime","DocumentEntry.creationTime","","","",1,1,"","","","dateTime {[]} {[]}
","Cette métadonnée représente la date et l’heure de la création du document.","Cette métadonnée représente la date et l’heure de la création du document.","","","","","","","","","",,,,,"",,,,"DocumentEntry.creationTime",1,1,"",""
"DocumentEntry.referenceIdList","DocumentEntry.referenceIdList","","","",0,*,"","","","Base {[]} {[]}
","Cette métadonnée contient une liste d'un ou plusieurs identifiant(s) d'objet(s) associé(s) au document.","Cette métadonnée contient une liste d'un ou plusieurs identifiant(s) d'objet(s) associé(s) au document.","","","","","","","","","",,,,,"",,,,"DocumentEntry.referenceIdList",0,*,"",""
"DocumentEntry.referenceIdList.CX1","DocumentEntry.referenceIdList.CX1","","","",1,1,"","","","Extension {[CanonicalType[http://hl7.org/fhir/StructureDefinition/elementdefinition-identifier|5.3.0]]} {[]}
","Identifiant de l'objet référencé","Identifiant de l'objet référencé","","","","","","","","","",,,,,"",,,,"DocumentEntry.referenceIdList.CX1",1,1,"",""
"DocumentEntry.referenceIdList.CX4","DocumentEntry.referenceIdList.CX4","","","",1,1,"","","","Extension {[CanonicalType[http://hl7.org/fhir/StructureDefinition/elementdefinition-identifier|5.3.0]]} {[]}
","Identifiant de l’organisme ayant attribué l’identifiant de l'objet référencé","Identifiant de l’organisme ayant attribué l’identifiant de l'objet référencé","","","","","","","","","",,,,,"",,,,"DocumentEntry.referenceIdList.CX4",1,1,"",""
"DocumentEntry.referenceIdList.CX5","DocumentEntry.referenceIdList.CX5","","","",1,1,"","","","CodeableConcept {[]} {[]}
","Type d’identifiant","Type d’identifiant","","","","","","","","","",,"preferred","","https://mos.esante.gouv.fr/NOS/JDV_J197-XdsTypesIdentifiantsReferenceId-CISIS/FHIR/JDV-J197-XdsTypesIdentifiantsReferenceId-CISIS|20220624120000","",,,,"DocumentEntry.referenceIdList.CX5",1,1,"",""
"DocumentEntry.version","DocumentEntry.version","","","",0,1,"","","","integer {[]} {[]}
","Cette métadonnée représente le numéro de version de la fiche d’un document.","Cette métadonnée représente le numéro de version de la fiche d’un document.","","","","","","","","","",,,,,"",,,,"DocumentEntry.version",0,1,"",""
