"Id","Path","Slice Name","Alias(s)","Label","Min","Max","Must Support?","Is Modifier?","Is Summary?","Type(s)","Short","Definition","Comments","Requirements","Default Value","Meaning When Missing","Fixed Value","Pattern","Example","Minimum Value","Maximum Value","Maximum Length","Binding Strength","Binding Description","Binding Value Set","Code","Slicing Discriminator","Slicing Description","Slicing Ordered","Slicing Rules","Base Path","Base Min","Base Max","Condition(s)","Constraint(s)","Mapping: AuthorDocumentEntryCDA","Mapping: AuthorDocumentEntryDICOMKOS"
"xdm-author-document-entry","xdm-author-document-entry","","","",0,*,"","","","null {[]} {[]}
","XDM AuthorDocumentEntry","Modèle logique d'un auteur d'un document
Cette métadonnée représente les personnes physiques et/ou les systèmes (dispositifs, automates, services numériques référencés…) auteurs d’un document. 
L’auteur peut être : 
-  Un professionnel (personne physique) via son logiciel de professionnel, 
- Le patient/usager (personne physique) via Mon espace Santé, 
-  Un système de structure (dispositif, automate, appareil connecté…), 
-  Un SNR (Service Numérique Référencé), ","","","","","","","","","",,,,,"",,,,"Base",0,*,"","","Author","Author"
"xdm-author-document-entry.institution","xdm-author-document-entry.institution","","","",0,1,"","","","https://interop.esante.gouv.fr/ig/fhir/pdlgc/StructureDefinition/xdm-author-institution {[]} {[]}
","Cet attribut représente la structure de l’auteur. Pour les documents d’expression personnelle du patient, cette métadonnée est absente.","Cet attribut représente la structure de l’auteur.","","","","","","","","","",,,,,"",,,,"xdm-author.institution",0,1,"",""
"xdm-author-document-entry.person[x]","xdm-author-document-entry.person[x]","","","",1,1,"","","","https://interop.esante.gouv.fr/ig/fhir/pdlgc/StructureDefinition/xdm-actor-ps {[]} {[]}
https://interop.esante.gouv.fr/ig/fhir/pdlgc/StructureDefinition/xdm-actor-patient {[]} {[]}https://interop.esante.gouv.fr/ig/fhir/pdlgc/StructureDefinition/xdm-actor-snr {[]} {[]}https://interop.esante.gouv.fr/ig/fhir/pdlgc/StructureDefinition/xdm-actor-system {[]} {[]}","Cet attribut représente l’auteur (humain ou système) ayant contribué au document. Pour les documents d’expression personnelle du patient, cette métadonnée fait référence au patient.","Author","","","","","","","","","",,,,,"",,,,"xdm-author.person[x]",1,1,"",""
"xdm-author-document-entry.role","xdm-author-document-entry.role","","","",0,*,"","","","CodeableConcept {[]} {[]}
","cette métadonnée représente le rôle joué par l’auteur vis-à-vis du patient lors de la constitution du lot de soumission, c'est-à-dire à quel titre l’auteur est intervenu vis-à-vis du patient (ex : médecin traitant, Responsable de l'admission, Membre de l'équipe de soins, etc.).","**Author Role**","","","","","","","","","",,"preferred","","https://mos.esante.gouv.fr/NOS/JDV_J47-FunctionCode-CISIS/FHIR/JDV-J47-FunctionCode-CISIS|20250523120000","",,,,"xdm-author.role",0,*,"","","author/functionCode@displayName","Cet attribut n'a pas besoin d’être alimenté par un élément du DICOM KOS"
"xdm-author-document-entry.specialty","xdm-author-document-entry.specialty","","","",0,1,"","","","CodeableConcept {[]} {[]}
","Cet attribut représente la profession éventuellement associée au savoir-faire de l’auteur professionnel caractérisé par sa profession ou la profession associée au genre d’activité pour l’auteur professionnel caractérisé par son rôle.","**AutorSpecialty**","","","","","","","","","",,"preferred","","https://mos.esante.gouv.fr/NOS/JDV_J01-XdsAuthorSpecialty-CISIS/FHIR/JDV-J01-XdsAuthorSpecialty-CISIS|20260505120000","",,,,"xdm-author.specialty",0,1,"","","author/assignedAuthor/code@code","Cette métadonnée peut ne pas être renseignée dans le cas d’un DICOM KOS.   Si elle contient une valeur, elle devra contenir le code : 'DISPOSITIF' du JDV_J01_XdsAuthorSpecialty_CISIS"
